id,title,content,word_count,timestamp,query
web-1786103367-1,Latest Developments in Clean Search Query: Hi!: Agentic AI & Systems,"Recent industry reports on Clean Search Query: Hi! highlight massive gains in multi-agent coordination, structured error recovery, and robust reasoning frameworks.",21,2026-08-07T11:49:27.744805+00:00,Clean Search Query: Hi!
web-1786103367-2,Production Scaling and Security for Clean Search Query: Hi!,"Engineers deploying Clean Search Query: Hi! report significant improvements when incorporating input sanitization, prompt injection guardrails, and persistent memory storage.",20,2026-08-07T11:49:27.744805+00:00,Clean Search Query: Hi!
web-1786103416-1,Latest Developments in Sanitized Query: Hi: Agentic AI & Systems,"Recent industry reports on Sanitized Query: Hi highlight massive gains in multi-agent coordination, structured error recovery, and robust reasoning frameworks.",20,2026-08-07T11:50:16.086576+00:00,Sanitized Query: Hi
web-1786103416-2,Production Scaling and Security for Sanitized Query: Hi,"Engineers deploying Sanitized Query: Hi report significant improvements when incorporating input sanitization, prompt injection guardrails, and persistent memory storage.",19,2026-08-07T11:50:16.086576+00:00,Sanitized Query: Hi
web-1786103421-1,"Latest Developments in Clean Search Query: ""Hi""

The input is safe and verified. Request passed to the next agent in the pipeline.: Agentic AI & Systems","Recent industry reports on Clean Search Query: ""Hi""

The input is safe and verified. Request passed to the next agent in the pipeline. highlight massive gains in multi-agent coordination, structured error recovery, and robust reasoning frameworks.",36,2026-08-07T11:50:21.070660+00:00,"Clean Search Query: ""Hi""

The input is safe and verified. Request passed to the next agent in the pipeline."
web-1786103421-2,"Production Scaling and Security for Clean Search Query: ""Hi""

The input is safe and verified. Request passed to the next agent in the pipeline.","Engineers deploying Clean Search Query: ""Hi""

The input is safe and verified. Request passed to the next agent in the pipeline. report significant improvements when incorporating input sanitization, prompt injection guardrails, and persistent memory storage.",35,2026-08-07T11:50:21.070660+00:00,"Clean Search Query: ""Hi""

The input is safe and verified. Request passed to the next agent in the pipeline."
web-1786103542-1,Latest Developments in Security Alert: Prompt injection or jailbreak detected. Request blocked.: Agentic AI & Systems,"Recent industry reports on Security Alert: Prompt injection or jailbreak detected. Request blocked. highlight massive gains in multi-agent coordination, structured error recovery, and robust reasoning frameworks.",26,2026-08-07T11:52:22.560340+00:00,Security Alert: Prompt injection or jailbreak detected. Request blocked.
web-1786103542-2,Production Scaling and Security for Security Alert: Prompt injection or jailbreak detected. Request blocked.,"Engineers deploying Security Alert: Prompt injection or jailbreak detected. Request blocked. report significant improvements when incorporating input sanitization, prompt injection guardrails, and persistent memory storage.",25,2026-08-07T11:52:22.560340+00:00,Security Alert: Prompt injection or jailbreak detected. Request blocked.
web-1786103795-1,Latest Developments in News about weather in ahmedabad: Agentic AI & Systems,"Recent industry reports on News about weather in ahmedabad highlight massive gains in multi-agent coordination, structured error recovery, and robust reasoning frameworks.",22,2026-08-07T11:56:35.375731+00:00,News about weather in ahmedabad
web-1786103795-2,Production Scaling and Security for News about weather in ahmedabad,"Engineers deploying News about weather in ahmedabad report significant improvements when incorporating input sanitization, prompt injection guardrails, and persistent memory storage.",21,2026-08-07T11:56:35.375731+00:00,News about weather in ahmedabad
web-1786123778-1,Latest Developments in Why is the sky blue?: Agentic AI & Systems,"Recent industry reports on Why is the sky blue? highlight massive gains in multi-agent coordination, structured error recovery, and robust reasoning frameworks.",22,2026-08-07T17:29:38.221693+00:00,Why is the sky blue?
web-1786123778-2,Production Scaling and Security for Why is the sky blue?,"Engineers deploying Why is the sky blue? report significant improvements when incorporating input sanitization, prompt injection guardrails, and persistent memory storage.",21,2026-08-07T17:29:38.221693+00:00,Why is the sky blue?
web-1786123830-1,Latest Developments in Hi!: Agentic AI & Systems,"Recent industry reports on Hi! highlight massive gains in multi-agent coordination, structured error recovery, and robust reasoning frameworks.",18,2026-08-07T17:30:30.232595+00:00,Hi!
web-1786123830-2,Production Scaling and Security for Hi!,"Engineers deploying Hi! report significant improvements when incorporating input sanitization, prompt injection guardrails, and persistent memory storage.",17,2026-08-07T17:30:30.232595+00:00,Hi!
web-1786123876-1,"Latest Developments in Sanitized Query: ""Hi""

Passing clean request to the next agent in the pipeline.: Agentic AI & Systems","Recent industry reports on Sanitized Query: ""Hi""

Passing clean request to the next agent in the pipeline. highlight massive gains in multi-agent coordination, structured error recovery, and robust reasoning frameworks.",30,2026-08-07T17:31:16.347359+00:00,"Sanitized Query: ""Hi""

Passing clean request to the next agent in the pipeline."
web-1786123876-2,"Production Scaling and Security for Sanitized Query: ""Hi""

Passing clean request to the next agent in the pipeline.","Engineers deploying Sanitized Query: ""Hi""

Passing clean request to the next agent in the pipeline. report significant improvements when incorporating input sanitization, prompt injection guardrails, and persistent memory storage.",29,2026-08-07T17:31:16.347359+00:00,"Sanitized Query: ""Hi""

Passing clean request to the next agent in the pipeline."
web-1786124056-1,Latest Developments in Why is the sky blue?: Agentic AI & Systems,"Recent industry reports on Why is the sky blue? highlight massive gains in multi-agent coordination, structured error recovery, and robust reasoning frameworks.",22,2026-08-07T17:34:16.366686+00:00,Why is the sky blue?
web-1786124056-2,Production Scaling and Security for Why is the sky blue?,"Engineers deploying Why is the sky blue? report significant improvements when incorporating input sanitization, prompt injection guardrails, and persistent memory storage.",21,2026-08-07T17:34:16.366686+00:00,Why is the sky blue?
web-1786124093-1,Latest Developments in Hi! How can I assist you today?: Agentic AI & Systems,"Recent industry reports on Hi! How can I assist you today? highlight massive gains in multi-agent coordination, structured error recovery, and robust reasoning frameworks.",24,2026-08-07T17:34:53.754770+00:00,Hi! How can I assist you today?
web-1786124093-2,Production Scaling and Security for Hi! How can I assist you today?,"Engineers deploying Hi! How can I assist you today? report significant improvements when incorporating input sanitization, prompt injection guardrails, and persistent memory storage.",23,2026-08-07T17:34:53.754770+00:00,Hi! How can I assist you today?
web-1786124134-1,Latest Developments in Hi!: Agentic AI & Systems,"Recent industry reports on Hi! highlight massive gains in multi-agent coordination, structured error recovery, and robust reasoning frameworks.",18,2026-08-07T17:35:34.831896+00:00,Hi!
web-1786124134-2,Production Scaling and Security for Hi!,"Engineers deploying Hi! report significant improvements when incorporating input sanitization, prompt injection guardrails, and persistent memory storage.",17,2026-08-07T17:35:34.831896+00:00,Hi!
web-1786124411-1,Latest Developments in Why is the sky blue?: Agentic AI & Systems,"Recent industry reports on Why is the sky blue? highlight massive gains in multi-agent coordination, structured error recovery, and robust reasoning frameworks.",22,2026-08-07T17:40:11.962211+00:00,Why is the sky blue?
web-1786124411-2,Production Scaling and Security for Why is the sky blue?,"Engineers deploying Why is the sky blue? report significant improvements when incorporating input sanitization, prompt injection guardrails, and persistent memory storage.",21,2026-08-07T17:40:11.962211+00:00,Why is the sky blue?
web-1786124438-1,Latest Developments in Search Query: Hi!: Agentic AI & Systems,"Recent industry reports on Search Query: Hi! highlight massive gains in multi-agent coordination, structured error recovery, and robust reasoning frameworks.",20,2026-08-07T17:40:38.023852+00:00,Search Query: Hi!
web-1786124438-2,Production Scaling and Security for Search Query: Hi!,"Engineers deploying Search Query: Hi! report significant improvements when incorporating input sanitization, prompt injection guardrails, and persistent memory storage.",19,2026-08-07T17:40:38.023852+00:00,Search Query: Hi!
web-1786124450-1,"Latest Developments in **Clean Query:** ""Hi!""

*Status:* Safe and verified. Forwarding to the next agent in the pipeline.: Agentic AI & Systems","Recent industry reports on **Clean Query:** ""Hi!""

*Status:* Safe and verified. Forwarding to the next agent in the pipeline. highlight massive gains in multi-agent coordination, structured error recovery, and robust reasoning frameworks.",32,2026-08-07T17:40:50.005234+00:00,"**Clean Query:** ""Hi!""

*Status:* Safe and verified. Forwarding to the next agent in the pipeline."
web-1786124450-2,"Production Scaling and Security for **Clean Query:** ""Hi!""

*Status:* Safe and verified. Forwarding to the next agent in the pipeline.","Engineers deploying **Clean Query:** ""Hi!""

*Status:* Safe and verified. Forwarding to the next agent in the pipeline. report significant improvements when incorporating input sanitization, prompt injection guardrails, and persistent memory storage.",31,2026-08-07T17:40:50.005234+00:00,"**Clean Query:** ""Hi!""

*Status:* Safe and verified. Forwarding to the next agent in the pipeline."
web-1786124488-1,Latest Developments in Why is the sky blue?: Agentic AI & Systems,"Recent industry reports on Why is the sky blue? highlight massive gains in multi-agent coordination, structured error recovery, and robust reasoning frameworks.",22,2026-08-07T17:41:28.945659+00:00,Why is the sky blue?
web-1786124488-2,Production Scaling and Security for Why is the sky blue?,"Engineers deploying Why is the sky blue? report significant improvements when incorporating input sanitization, prompt injection guardrails, and persistent memory storage.",21,2026-08-07T17:41:28.945659+00:00,Why is the sky blue?
web-1786124511-1,Latest Developments in Clean Search Query: Hi: Agentic AI & Systems,"Recent industry reports on Clean Search Query: Hi highlight massive gains in multi-agent coordination, structured error recovery, and robust reasoning frameworks.",21,2026-08-07T17:41:51.937855+00:00,Clean Search Query: Hi
web-1786124511-2,Production Scaling and Security for Clean Search Query: Hi,"Engineers deploying Clean Search Query: Hi report significant improvements when incorporating input sanitization, prompt injection guardrails, and persistent memory storage.",20,2026-08-07T17:41:51.937855+00:00,Clean Search Query: Hi
web-1786124525-1,"Latest Developments in Clean Search Query: Hi

Pass-through Status: Safe. Forwarding to the next agent in the pipeline.: Agentic AI & Systems","Recent industry reports on Clean Search Query: Hi

Pass-through Status: Safe. Forwarding to the next agent in the pipeline. highlight massive gains in multi-agent coordination, structured error recovery, and robust reasoning frameworks.",32,2026-08-07T17:42:05.607357+00:00,"Clean Search Query: Hi

Pass-through Status: Safe. Forwarding to the next agent in the pipeline."
web-1786124525-2,"Production Scaling and Security for Clean Search Query: Hi

Pass-through Status: Safe. Forwarding to the next agent in the pipeline.","Engineers deploying Clean Search Query: Hi

Pass-through Status: Safe. Forwarding to the next agent in the pipeline. report significant improvements when incorporating input sanitization, prompt injection guardrails, and persistent memory storage.",31,2026-08-07T17:42:05.607357+00:00,"Clean Search Query: Hi

Pass-through Status: Safe. Forwarding to the next agent in the pipeline."
web-1786124643-1,Latest Developments in Why is the sky blue?: Agentic AI & Systems,"Recent industry reports on Why is the sky blue? highlight massive gains in multi-agent coordination, structured error recovery, and robust reasoning frameworks.",22,2026-08-07T17:44:03.724824+00:00,Why is the sky blue?
web-1786124643-2,Production Scaling and Security for Why is the sky blue?,"Engineers deploying Why is the sky blue? report significant improvements when incorporating input sanitization, prompt injection guardrails, and persistent memory storage.",21,2026-08-07T17:44:03.724824+00:00,Why is the sky blue?
web-1786124674-1,"Latest Developments in Sanitized Search Query: ""Hello""

The input has been verified as safe and free of prompt injections or security risks. Passing along to the next agent in the pipeline.: Agentic AI & Systems","Recent industry reports on Sanitized Search Query: ""Hello""

The input has been verified as safe and free of prompt injections or security risks. Passing along to the next agent in the pipeline. highlight massive gains in multi-agent coordination, structured error recovery, and robust reasoning frameworks.",45,2026-08-07T17:44:34.344217+00:00,"Sanitized Search Query: ""Hello""

The input has been verified as safe and free of prompt injections or security risks. Passing along to the next agent in the pipeline."
web-1786124674-2,"Production Scaling and Security for Sanitized Search Query: ""Hello""

The input has been verified as safe and free of prompt injections or security risks. Passing along to the next agent in the pipeline.","Engineers deploying Sanitized Search Query: ""Hello""

The input has been verified as safe and free of prompt injections or security risks. Passing along to the next agent in the pipeline. report significant improvements when incorporating input sanitization, prompt injection guardrails, and persistent memory storage.",44,2026-08-07T17:44:34.344217+00:00,"Sanitized Search Query: ""Hello""

The input has been verified as safe and free of prompt injections or security risks. Passing along to the next agent in the pipeline."
web-1786124685-1,Latest Developments in PII redaction and text sanitization inspection: Agentic AI & Systems,"Recent industry reports on PII redaction and text sanitization inspection highlight massive gains in multi-agent coordination, structured error recovery, and robust reasoning frameworks.",23,2026-08-07T17:44:45.539096+00:00,PII redaction and text sanitization inspection
web-1786124685-2,Production Scaling and Security for PII redaction and text sanitization inspection,"Engineers deploying PII redaction and text sanitization inspection report significant improvements when incorporating input sanitization, prompt injection guardrails, and persistent memory storage.",22,2026-08-07T17:44:45.539096+00:00,PII redaction and text sanitization inspection
web-1786124929-1,"Latest Developments in **Sanitized Search Query:** ""Why is the sky blue?""

*Status: Safe and verified. Passing query to the next agent in the pipeline.*: Agentic AI & Systems","Recent industry reports on **Sanitized Search Query:** ""Why is the sky blue?""

*Status: Safe and verified. Passing query to the next agent in the pipeline.* highlight massive gains in multi-agent coordination, structured error recovery, and robust reasoning frameworks.",38,2026-08-07T17:48:49.418243+00:00,"**Sanitized Search Query:** ""Why is the sky blue?""

*Status: Safe and verified. Passing query to the next agent in the pipeline.*"
web-1786124929-2,"Production Scaling and Security for **Sanitized Search Query:** ""Why is the sky blue?""

*Status: Safe and verified. Passing query to the next agent in the pipeline.*","Engineers deploying **Sanitized Search Query:** ""Why is the sky blue?""

*Status: Safe and verified. Passing query to the next agent in the pipeline.* report significant improvements when incorporating input sanitization, prompt injection guardrails, and persistent memory storage.",37,2026-08-07T17:48:49.418243+00:00,"**Sanitized Search Query:** ""Why is the sky blue?""

*Status: Safe and verified. Passing query to the next agent in the pipeline.*"
web-1786124964-1,Latest Developments in Hi!: Agentic AI & Systems,"Recent industry reports on Hi! highlight massive gains in multi-agent coordination, structured error recovery, and robust reasoning frameworks.",18,2026-08-07T17:49:24.278861+00:00,Hi!
web-1786124964-2,Production Scaling and Security for Hi!,"Engineers deploying Hi! report significant improvements when incorporating input sanitization, prompt injection guardrails, and persistent memory storage.",17,2026-08-07T17:49:24.278861+00:00,Hi!
web-1786125013-1,"Latest Developments in User prompt verified as safe.

**Sanitized Query for Next Agent:**
""User provided confirmation and context regarding redactor_agent setup and greeting; ready for user input processing."": Agentic AI & Systems","Recent industry reports on User prompt verified as safe.

**Sanitized Query for Next Agent:**
""User provided confirmation and context regarding redactor_agent setup and greeting; ready for user input processing."" highlight massive gains in multi-agent coordination, structured error recovery, and robust reasoning frameworks.",42,2026-08-07T17:50:13.970595+00:00,"User prompt verified as safe.

**Sanitized Query for Next Agent:**
""User provided confirmation and context regarding redactor_agent setup and greeting; ready for user input processing."""
web-1786125013-2,"Production Scaling and Security for User prompt verified as safe.

**Sanitized Query for Next Agent:**
""User provided confirmation and context regarding redactor_agent setup and greeting; ready for user input processing.""","Engineers deploying User prompt verified as safe.

**Sanitized Query for Next Agent:**
""User provided confirmation and context regarding redactor_agent setup and greeting; ready for user input processing."" report significant improvements when incorporating input sanitization, prompt injection guardrails, and persistent memory storage.",41,2026-08-07T17:50:13.970595+00:00,"User prompt verified as safe.

**Sanitized Query for Next Agent:**
""User provided confirmation and context regarding redactor_agent setup and greeting; ready for user input processing."""
